-74.0344390869140625,4.6981167793273926,2570.0,17,50,04
-74.0344390869140625,4.6981167793273926,2570.0,17,50,06
-74.0343780517578125,4.6982331275939941,2572.0,17,50,10
-74.0342254638671875,4.6984143257141113,2574.0,17,50,14
-74.0341033935546875,4.6984915733337402,2577.0,17,50,20
-74.0341033935546875,4.6984915733337402,2577.0,17,50,22
-74.0341033935546875,4.6984915733337402,2577.0,17,50,24
-74.0341033935546875,4.6984915733337402,2577.0,17,50,26
-74.0341033935546875,4.6984915733337402,2577.0,17,50,28
-74.0339965820312500,4.6986479759216309,2581.0,17,50,36
-74.0339965820312500,4.6986479759216309,2581.0,17,50,38
-74.0339965820312500,4.6986479759216309,2581.0,17,50,40
-74.0339965820312500,4.6986479759216309,2581.0,17,50,42
-74.0339965820312500,4.6986479759216309,2581.0,17,50,44
-74.0338668823242188,4.6986699104309082,2585.0,17,50,48
-74.0338058471679688,4.6987581253051758,2586.0,17,50,54
-74.0337905883789062,4.6989135742187500,2584.0,17,51,00
-74.0336990356445312,4.6990189552307129,2585.0,17,51,04
-74.0336990356445312,4.6990189552307129,2585.0,17,51,08
-74.0336990356445312,4.6990189552307129,2585.0,17,51,10
-74.0335540771484375,4.6992835998535156,2586.0,17,51,15
-74.0335235595703125,4.6993846893310547,2587.0,17,51,17
-74.0334701538085938,4.6994895935058594,2588.0,17,51,21
-74.0333786010742188,4.6996574401855469,2589.0,17,51,28
-74.0333786010742188,4.6996574401855469,2589.0,17,51,30
-74.0334091186523438,4.6997327804565430,2589.0,17,51,34
-74.0334548950195312,4.6997890472412109,2589.0,17,51,36
-74.0335083007812500,4.6998324394226074,2589.0,17,51,38
-74.0335617065429688,4.6998610496520996,2589.0,17,51,40
-74.0336074829101562,4.6998848915100098,2589.0,17,51,42
-74.0336990356445312,4.6999306678771973,2589.0,17,51,44
-74.0337753295898438,4.7000198364257812,2588.0,17,51,48
-74.0339126586914062,4.7001662254333496,2589.0,17,51,54
-74.0340270996093750,4.7002587318420410,2591.0,17,51,58
-74.0341796875000000,4.7003359794616699,2593.0,17,52,04
-74.0343170166015625,4.7003808021545410,2595.0,17,52,08
-74.0343170166015625,4.7003808021545410,2595.0,17,52,10
-74.0343170166015625,4.7003808021545410,2595.0,17,52,12
-74.0343170166015625,4.7003808021545410,2595.0,17,52,14
-74.0343170166015625,4.7003808021545410,2595.0,17,52,16
-74.0343170166015625,4.7003808021545410,2595.0,17,52,18
-74.0343170166015625,4.7003808021545410,2595.0,17,52,20
-74.0343170166015625,4.7003808021545410,2595.0,17,52,22
-74.0343170166015625,4.7003808021545410,2595.0,17,52,24
-74.0343170166015625,4.7003808021545410,2595.0,17,52,26
-74.0343704223632812,4.7006797790527344,2592.0,17,52,35
-74.0343093872070312,4.7007675170898438,2591.0,17,52,39
-74.0343093872070312,4.7007675170898438,2591.0,17,52,41
-74.0342636108398438,4.7009119987487793,2590.0,17,52,45
-74.0342636108398438,4.7009119987487793,2590.0,17,52,47
-74.0342636108398438,4.7009119987487793,2590.0,17,52,49
-74.0342636108398438,4.7009119987487793,2590.0,17,52,51
-74.0342407226562500,4.7011189460754395,2589.0,17,52,57
-74.0342254638671875,4.7012338638305664,2588.0,17,53,03
-74.0341949462890625,4.7013411521911621,2587.0,17,53,07
-74.0341949462890625,4.7013411521911621,2587.0,17,53,09
-74.0341720581054688,4.7013845443725586,2586.0,17,53,11
-74.0341720581054688,4.7013845443725586,2586.0,17,53,13
-74.0341720581054688,4.7013845443725586,2586.0,17,53,15
-74.0341720581054688,4.7013845443725586,2586.0,17,53,17
-74.0341720581054688,4.7013845443725586,2586.0,17,53,19
-74.0342483520507812,4.7015256881713867,2582.0,17,53,26
-74.0343093872070312,4.7016243934631348,2581.0,17,53,28
-74.0343627929687500,4.7016963958740234,2581.0,17,53,30
-74.0343551635742188,4.7018008232116699,2580.0,17,53,36
-74.0343170166015625,4.7018651962280273,2581.0,17,53,41
-74.0342864990234375,4.7019228935241699,2582.0,17,53,43
-74.0342636108398438,4.7019977569580078,2583.0,17,53,45
-74.0342483520507812,4.7020907402038574,2584.0,17,53,47
-74.0342407226562500,4.7021889686584473,2584.0,17,53,49
-74.0342407226562500,4.7023558616638184,2585.0,17,53,51
-74.0342407226562500,4.7023558616638184,2585.0,17,53,53
-74.0342407226562500,4.7023558616638184,2585.0,17,53,55
-74.0342407226562500,4.7023558616638184,2585.0,17,53,57
-74.0342407226562500,4.7023558616638184,2585.0,17,53,59
-74.0342407226562500,4.7023558616638184,2585.0,17,54,01
-74.0342483520507812,4.7026615142822266,2588.0,17,54,05
-74.0342178344726562,4.7027554512023926,2588.0,17,54,07
-74.0342025756835938,4.7028918266296387,2588.0,17,54,13
-74.0342025756835938,4.7028918266296387,2588.0,17,54,17
-74.0342025756835938,4.7028918266296387,2588.0,17,54,19
-74.0342025756835938,4.7028918266296387,2588.0,17,54,21
-74.0344314575195312,4.7030677795410156,2593.0,17,54,27
-74.0345916748046875,4.7031116485595703,2596.0,17,54,33
-74.0347595214843750,4.7031350135803223,2598.0,17,54,39
-74.0348968505859375,4.7031583786010742,2600.0,17,54,43
-74.0350570678710938,4.7031779289245605,2601.0,17,54,47
-74.0350570678710938,4.7031779289245605,2601.0,17,54,50
-74.0350570678710938,4.7031779289245605,2601.0,17,54,52
-74.0352020263671875,4.7032699584960938,2603.0,17,54,58
-74.0353317260742188,4.7033576965332031,2605.0,17,55,06
-74.0353317260742188,4.7033576965332031,2605.0,17,55,10
-74.0353317260742188,4.7033576965332031,2605.0,17,55,12
-74.0353317260742188,4.7033576965332031,2605.0,17,55,14
-74.0354232788085938,4.7035007476806641,2606.0,17,55,19
-74.0354690551757812,4.7035942077636719,2606.0,17,55,21
-74.0354690551757812,4.7035942077636719,2606.0,17,55,25
-74.0354690551757812,4.7035942077636719,2606.0,17,55,27
-74.0354690551757812,4.7035942077636719,2606.0,17,55,29
-74.0354690551757812,4.7035942077636719,2606.0,17,55,39
-74.0354690551757812,4.7035942077636719,2606.0,17,55,41
-74.0354690551757812,4.7035942077636719,2606.0,17,55,43
-74.0354690551757812,4.7035942077636719,2606.0,17,55,47
-74.0354690551757812,4.7035942077636719,2606.0,17,55,49
-74.0354690551757812,4.7035942077636719,2606.0,17,55,51
-74.0355224609375000,4.7038016319274902,2597.0,17,55,56
-74.0355377197265625,4.7039365768432617,2597.0,17,55,58
-74.0355453491210938,4.7040176391601562,2596.0,17,56,00
-74.0355453491210938,4.7040743827819824,2596.0,17,56,02
-74.0355453491210938,4.7041215896606445,2595.0,17,56,04
-74.0355224609375000,4.7042222023010254,2595.0,17,56,06
-74.0354843139648438,4.7043085098266602,2594.0,17,56,10
-74.0354690551757812,4.7044076919555664,2593.0,17,56,14
-74.0355834960937500,4.7044439315795898,2592.0,17,56,18
-74.0355834960937500,4.7044439315795898,2592.0,17,56,21
-74.0353851318359375,4.7044105529785156,2588.0,17,56,30
-74.0352783203125000,4.7043685913085938,2587.0,17,56,34
-74.0351943969726562,4.7043404579162598,2587.0,17,56,36
-74.0351943969726562,4.7043404579162598,2587.0,17,56,39
-74.0351943969726562,4.7043404579162598,2587.0,17,56,41
-74.0353317260742188,4.7043361663818359,2585.0,17,56,45
-74.0354614257812500,4.7043838500976562,2585.0,17,56,51
-74.0354614257812500,4.7043838500976562,2585.0,17,56,57
-74.0354614257812500,4.7043838500976562,2585.0,17,57,00
-74.0358047485351562,4.7045183181762695,2584.0,17,57,04
-74.0359191894531250,4.7045826911926270,2584.0,17,57,08
-74.0359420776367188,4.7047023773193359,2584.0,17,57,14
-74.0359115600585938,4.7048048973083496,2584.0,17,57,18
-74.0359420776367188,4.7049441337585449,2584.0,17,57,22
-74.0359878540039062,4.7050499916076660,2584.0,17,57,26
-74.0360183715820312,4.7051949501037598,2584.0,17,57,32
-74.0360183715820312,4.7051949501037598,2584.0,17,57,36
-74.0360183715820312,4.7051949501037598,2584.0,17,57,38
-74.0360183715820312,4.7051949501037598,2584.0,17,57,40
-74.0360565185546875,4.7053551673889160,2584.0,17,57,44
-74.0360717773437500,4.7054572105407715,2584.0,17,57,46
-74.0360717773437500,4.7054572105407715,2584.0,17,57,48
-74.0361022949218750,4.7056055068969727,2584.0,17,57,52
-74.0361251831054688,4.7056999206542969,2584.0,17,57,54
-74.0361480712890625,4.7057766914367676,2584.0,17,57,56
-74.0361709594726562,4.7058396339416504,2585.0,17,57,58
-74.0361709594726562,4.7058396339416504,2585.0,17,58,00
-74.0361709594726562,4.7058396339416504,2585.0,17,58,02
-74.0361709594726562,4.7058396339416504,2585.0,17,58,04
-74.0361709594726562,4.7058396339416504,2585.0,17,58,06
-74.0361709594726562,4.7058396339416504,2585.0,17,58,08
-74.0361709594726562,4.7058396339416504,2585.0,17,58,10
-74.0361709594726562,4.7058396339416504,2585.0,17,58,12
-74.0361709594726562,4.7058396339416504,2585.0,17,58,14
-74.0361709594726562,4.7058396339416504,2585.0,17,58,16
-74.0361709594726562,4.7058396339416504,2585.0,17,58,18
-74.0362243652343750,4.7061443328857422,2585.0,17,58,24
-74.0362701416015625,4.7063159942626953,2585.0,17,58,26
-74.0362930297851562,4.7064366340637207,2585.0,17,58,28
-74.0363006591796875,4.7065272331237793,2584.0,17,58,30
-74.0363159179687500,4.7065997123718262,2583.0,17,58,32
-74.0363388061523438,4.7067208290100098,2583.0,17,58,34
-74.0363388061523438,4.7067208290100098,2583.0,17,58,38
-74.0363388061523438,4.7067208290100098,2583.0,17,58,40
-74.0363388061523438,4.7067208290100098,2583.0,17,58,42
-74.0363388061523438,4.7067208290100098,2583.0,17,58,44
-74.0363388061523438,4.7067208290100098,2583.0,17,58,46
-74.0363388061523438,4.7067208290100098,2583.0,17,58,48
-74.0363388061523438,4.7067208290100098,2583.0,17,58,50
-74.0363388061523438,4.7067208290100098,2583.0,17,58,52
-74.0363388061523438,4.7067208290100098,2583.0,17,58,54
-74.0363388061523438,4.7067208290100098,2583.0,17,58,56
-74.0364379882812500,4.7073907852172852,2576.0,17,59,00
-74.0364074707031250,4.7075099945068359,2575.0,17,59,04
-74.0364074707031250,4.7075099945068359,2575.0,17,59,08
-74.0364074707031250,4.7075099945068359,2575.0,17,59,10
-74.0364074707031250,4.7075099945068359,2575.0,17,59,12
-74.0364074707031250,4.7075099945068359,2575.0,17,59,16
-74.0364074707031250,4.7075099945068359,2575.0,17,59,18
-74.0364074707031250,4.7075099945068359,2575.0,17,59,20
-74.0364074707031250,4.7075099945068359,2575.0,17,59,26
-74.0364074707031250,4.7075099945068359,2575.0,17,59,28
-74.0364074707031250,4.7075099945068359,2575.0,17,59,30
-74.0359573364257812,4.7076201438903809,2576.0,17,59,34
-74.0358123779296875,4.7076563835144043,2576.0,17,59,40
-74.0357666015625000,4.7076926231384277,2576.0,17,59,44
-74.0357284545898438,4.7077288627624512,2577.0,17,59,46
-74.0357055664062500,4.7077698707580566,2577.0,17,59,48
-74.0356674194335938,4.7078399658203125,2577.0,17,59,52
-74.0356369018554688,4.7078986167907715,2577.0,17,59,54
-74.0356216430664062,4.7079601287841797,2577.0,17,59,56
-74.0355911254882812,4.7080230712890625,2577.0,17,59,58
-74.0355606079101562,4.7080740928649902,2578.0,18,00,00
-74.0355606079101562,4.7080740928649902,2578.0,18,00,02
-74.0354843139648438,4.7082209587097168,2578.0,18,00,04
-74.0354537963867188,4.7083382606506348,2578.0,18,00,08
-74.0354156494140625,4.7084412574768066,2578.0,18,00,12
-74.0353698730468750,4.7085843086242676,2578.0,18,00,16
-74.0353240966796875,4.7087078094482422,2578.0,18,00,22
-74.0353240966796875,4.7087078094482422,2578.0,18,00,24
-74.0353240966796875,4.7087078094482422,2578.0,18,00,26
-74.0353240966796875,4.7087078094482422,2578.0,18,00,28
-74.0353240966796875,4.7087078094482422,2578.0,18,00,30
-74.0353240966796875,4.7087078094482422,2578.0,18,00,32
-74.0353240966796875,4.7087078094482422,2578.0,18,00,34
-74.0353240966796875,4.7087078094482422,2578.0,18,00,36
-74.0353240966796875,4.7087078094482422,2578.0,18,00,38
-74.0353240966796875,4.7087078094482422,2578.0,18,00,40
-74.0353240966796875,4.7087078094482422,2578.0,18,00,42
-74.0353240966796875,4.7087078094482422,2578.0,18,00,44
-74.0353240966796875,4.7087078094482422,2578.0,18,00,46
-74.0353240966796875,4.7087078094482422,2578.0,18,00,48
-74.0353240966796875,4.7087078094482422,2578.0,18,00,50
-74.0353240966796875,4.7087078094482422,2578.0,18,00,52
-74.0353240966796875,4.7087078094482422,2578.0,18,00,54
-74.0353927612304688,4.7095704078674316,2580.0,18,00,57
-74.0353317260742188,4.7097249031066895,2580.0,18,01,00
-74.0352859497070312,4.7098331451416016,2579.0,18,01,06
-74.0352401733398438,4.7100052833557129,2578.0,18,01,12
-74.0352478027343750,4.7101202011108398,2578.0,18,01,16
-74.0352478027343750,4.7102198600769043,2579.0,18,01,20
-74.0352554321289062,4.7103424072265625,2579.0,18,01,24
-74.0352554321289062,4.7104148864746094,2578.0,18,01,30
-74.0352554321289062,4.7104754447937012,2578.0,18,01,32
-74.0352478027343750,4.7105402946472168,2578.0,18,01,34
-74.0352478027343750,4.7105402946472168,2578.0,18,01,36
-74.0352401733398438,4.7106280326843262,2578.0,18,01,38
-74.0352401733398438,4.7106957435607910,2578.0,18,01,40
-74.0352325439453125,4.7107653617858887,2578.0,18,01,42
-74.0352325439453125,4.7108230590820312,2578.0,18,01,44
-74.0352172851562500,4.7108874320983887,2578.0,18,01,46
-74.0352172851562500,4.7110724449157715,2578.0,18,01,50
-74.0352172851562500,4.7110724449157715,2578.0,18,01,52
-74.0352172851562500,4.7110724449157715,2578.0,18,01,54
-74.0352172851562500,4.7110724449157715,2578.0,18,01,56
-74.0352172851562500,4.7113394737243652,2578.0,18,02,00
-74.0352096557617188,4.7114357948303223,2578.0,18,02,04
-74.0352096557617188,4.7114357948303223,2578.0,18,02,06
-74.0352096557617188,4.7114357948303223,2578.0,18,02,08
-74.0352096557617188,4.7114357948303223,2578.0,18,02,10
-74.0352172851562500,4.7117199897766113,2578.0,18,02,14
-74.0352096557617188,4.7118334770202637,2578.0,18,02,18
-74.0352096557617188,4.7118334770202637,2578.0,18,02,20
-74.0352096557617188,4.7118334770202637,2578.0,18,02,22
-74.0352096557617188,4.7118334770202637,2578.0,18,02,24
-74.0352096557617188,4.7118334770202637,2578.0,18,02,26
-74.0352096557617188,4.7118334770202637,2578.0,18,02,28
-74.0352096557617188,4.7118334770202637,2578.0,18,02,30
-74.0352096557617188,4.7118334770202637,2578.0,18,02,32
-74.0352096557617188,4.7118334770202637,2578.0,18,02,34
-74.0352096557617188,4.7118334770202637,2578.0,18,02,36
-74.0352096557617188,4.7118334770202637,2578.0,18,02,38
-74.0352096557617188,4.7118334770202637,2578.0,18,02,40
-74.0352096557617188,4.7118334770202637,2578.0,18,02,42
-74.0352096557617188,4.7118334770202637,2578.0,18,02,44
-74.0352096557617188,4.7118334770202637,2578.0,18,02,46
-74.0352096557617188,4.7118334770202637,2578.0,18,02,48
-74.0352096557617188,4.7118334770202637,2578.0,18,02,50
-74.0352096557617188,4.7118334770202637,2578.0,18,02,52
-74.0352096557617188,4.7118334770202637,2578.0,18,02,54
-74.0352020263671875,4.7123208045959473,2578.0,18,02,58
-74.0351943969726562,4.7125811576843262,2579.0,18,03,00
-74.0351867675781250,4.7127261161804199,2579.0,18,03,02
-74.0351791381835938,4.7128262519836426,2578.0,18,03,04
-74.0351791381835938,4.7128262519836426,2578.0,18,03,06
-74.0351791381835938,4.7128262519836426,2578.0,18,03,08
-74.0351638793945312,4.7129821777343750,2578.0,18,03,12
-74.0351562500000000,4.7130804061889648,2578.0,18,03,14
-74.0351486206054688,4.7131538391113281,2578.0,18,03,16
-74.0351562500000000,4.7132229804992676,2578.0,18,03,18
-74.0351638793945312,4.7133088111877441,2578.0,18,03,22
-74.0351715087890625,4.7133760452270508,2578.0,18,03,24
-74.0351715087890625,4.7133760452270508,2578.0,18,03,26
-74.0352401733398438,4.7134137153625488,2578.0,18,03,29
-74.0353164672851562,4.7134447097778320,2578.0,18,03,33
-74.0353851318359375,4.7134695053100586,2579.0,18,03,35
-74.0353851318359375,4.7134695053100586,2579.0,18,03,37
-74.0353851318359375,4.7134695053100586,2579.0,18,03,39
-74.0353851318359375,4.7134695053100586,2579.0,18,03,41
-74.0353851318359375,4.7134695053100586,2579.0,18,03,43
-74.0353851318359375,4.7134695053100586,2579.0,18,03,45
-74.0353851318359375,4.7134695053100586,2579.0,18,03,47
-74.0353851318359375,4.7134695053100586,2579.0,18,03,49
-74.0353851318359375,4.7134695053100586,2579.0,18,03,51
-74.0353851318359375,4.7134695053100586,2579.0,18,03,53
-74.0353851318359375,4.7134695053100586,2579.0,18,03,55
-74.0353851318359375,4.7134695053100586,2579.0,18,03,57
-74.0353851318359375,4.7134695053100586,2579.0,18,03,59
-74.0357742309570312,4.7136182785034180,2585.0,18,04,05
-74.0360183715820312,4.7137145996093750,2585.0,18,04,07
-74.0361633300781250,4.7137727737426758,2585.0,18,04,09
-74.0362472534179688,4.7138061523437500,2586.0,18,04,11
-74.0363235473632812,4.7138333320617676,2586.0,18,04,13
-74.0363235473632812,4.7138333320617676,2586.0,18,04,15
-74.0365829467773438,4.7138724327087402,2586.0,18,04,19
-74.0367050170898438,4.7138867378234863,2586.0,18,04,25
-74.0368347167968750,4.7139434814453125,2587.0,18,04,29
-74.0369338989257812,4.7139678001403809,2587.0,18,04,33
-74.0369338989257812,4.7139678001403809,2587.0,18,04,39
-74.0369338989257812,4.7139678001403809,2587.0,18,04,41
-74.0369338989257812,4.7139678001403809,2587.0,18,04,43
-74.0371551513671875,4.7140631675720215,2588.0,18,04,48
-74.0372543334960938,4.7141070365905762,2589.0,18,04,52
-74.0373992919921875,4.7141327857971191,2588.0,18,04,58
-74.0375595092773438,4.7141723632812500,2588.0,18,05,04
-74.0376815795898438,4.7142381668090820,2587.0,18,05,08
-74.0378417968750000,4.7142915725708008,2585.0,18,05,15
-74.0379714965820312,4.7143278121948242,2584.0,18,05,21
-74.0381088256835938,4.7143549919128418,2584.0,18,05,27
-74.0381088256835938,4.7143549919128418,2584.0,18,05,29
-74.0381088256835938,4.7143549919128418,2584.0,18,05,31
-74.0381088256835938,4.7143549919128418,2584.0,18,05,33
-74.0383911132812500,4.7144751548767090,2583.0,18,05,38
-74.0383911132812500,4.7144751548767090,2583.0,18,05,41
-74.0383911132812500,4.7144751548767090,2583.0,18,05,43
-74.0383911132812500,4.7144751548767090,2583.0,18,05,45
-74.0383911132812500,4.7144751548767090,2583.0,18,05,47
-74.0383911132812500,4.7144751548767090,2583.0,18,05,49
-74.0383911132812500,4.7144751548767090,2583.0,18,05,51
-74.0383911132812500,4.7144751548767090,2583.0,18,05,53
-74.0383911132812500,4.7144751548767090,2583.0,18,05,55
-74.0383911132812500,4.7144751548767090,2583.0,18,05,57
-74.0383911132812500,4.7144751548767090,2583.0,18,05,59
-74.0383911132812500,4.7144751548767090,2583.0,18,06,01
-74.0383911132812500,4.7144751548767090,2583.0,18,06,03
-74.0387344360351562,4.7146158218383789,2584.0,18,06,07
-74.0389480590820312,4.7146949768066406,2584.0,18,06,09
-74.0390777587890625,4.7147359848022461,2584.0,18,06,11
-74.0391693115234375,4.7147626876831055,2584.0,18,06,13
-74.0392303466796875,4.7147784233093262,2584.0,18,06,15
-74.0392303466796875,4.7147784233093262,2584.0,18,06,17
-74.0392303466796875,4.7147784233093262,2584.0,18,06,19
-74.0392303466796875,4.7147784233093262,2584.0,18,06,21
-74.0392303466796875,4.7147784233093262,2584.0,18,06,23
-74.0392303466796875,4.7147784233093262,2584.0,18,06,25
-74.0392303466796875,4.7147784233093262,2584.0,18,06,27
-74.0392303466796875,4.7147784233093262,2584.0,18,06,29
-74.0392303466796875,4.7147784233093262,2584.0,18,06,31
-74.0392303466796875,4.7147784233093262,2584.0,18,06,33
-74.0392303466796875,4.7147784233093262,2584.0,18,06,35
-74.0392303466796875,4.7147784233093262,2584.0,18,06,37
-74.0392303466796875,4.7147784233093262,2584.0,18,06,39
-74.0392303466796875,4.7147784233093262,2584.0,18,06,41
-74.0392303466796875,4.7147784233093262,2584.0,18,06,43
-74.0400314331054688,4.7150511741638184,2585.0,18,06,48
-74.0400314331054688,4.7150511741638184,2585.0,18,06,51
-74.0400314331054688,4.7150511741638184,2585.0,18,06,53
-74.0400314331054688,4.7150511741638184,2585.0,18,06,55
-74.0403976440429688,4.7152576446533203,2584.0,18,07,01
-74.0405349731445312,4.7153010368347168,2584.0,18,07,07
-74.0405349731445312,4.7153010368347168,2584.0,18,07,09
-74.0405349731445312,4.7153010368347168,2584.0,18,07,11
-74.0405349731445312,4.7153010368347168,2584.0,18,07,13
-74.0405349731445312,4.7153010368347168,2584.0,18,07,15
-74.0405349731445312,4.7153010368347168,2584.0,18,07,17
-74.0405349731445312,4.7153010368347168,2584.0,18,07,19
-74.0405349731445312,4.7153010368347168,2584.0,18,07,21
-74.0405349731445312,4.7153010368347168,2584.0,18,07,23
-74.0405349731445312,4.7153010368347168,2584.0,18,07,25
-74.0405349731445312,4.7153010368347168,2584.0,18,07,27
-74.0405349731445312,4.7153010368347168,2584.0,18,07,29
-74.0405349731445312,4.7153010368347168,2584.0,18,07,31
-74.0405349731445312,4.7153010368347168,2584.0,18,07,33
-74.0405349731445312,4.7153010368347168,2584.0,18,07,35
-74.0409011840820312,4.7154254913330078,2587.0,18,07,39
-74.0411071777343750,4.7154965400695801,2587.0,18,07,41
-74.0412292480468750,4.7155413627624512,2587.0,18,07,43
-74.0413131713867188,4.7155709266662598,2588.0,18,07,45
-74.0413818359375000,4.7155928611755371,2588.0,18,07,47
-74.0415420532226562,4.7156596183776855,2588.0,18,07,51
-74.0416564941406250,4.7157092094421387,2588.0,18,07,55
-74.0418167114257812,4.7157778739929199,2588.0,18,08,01
-74.0419692993164062,4.7158327102661133,2588.0,18,08,07
-74.0419692993164062,4.7158327102661133,2588.0,18,08,09
-74.0419692993164062,4.7158327102661133,2588.0,18,08,11
-74.0419692993164062,4.7158327102661133,2588.0,18,08,13
-74.0419692993164062,4.7158327102661133,2588.0,18,08,15
-74.0419692993164062,4.7158327102661133,2588.0,18,08,17
-74.0419692993164062,4.7158327102661133,2588.0,18,08,20
-74.0419692993164062,4.7158327102661133,2588.0,18,08,22
-74.0419692993164062,4.7158327102661133,2588.0,18,08,24
-74.0419692993164062,4.7158327102661133,2588.0,18,08,26
-74.0419692993164062,4.7158327102661133,2588.0,18,08,28
-74.0419692993164062,4.7158327102661133,2588.0,18,08,30
-74.0419692993164062,4.7158327102661133,2588.0,18,08,32
-74.0419692993164062,4.7158327102661133,2588.0,18,08,34
-74.0419692993164062,4.7158327102661133,2588.0,18,08,36
-74.0427093505859375,4.7161664962768555,2587.0,18,08,40
-74.0427093505859375,4.7161664962768555,2587.0,18,08,44
-74.0427093505859375,4.7161664962768555,2587.0,18,08,46
-74.0427093505859375,4.7161664962768555,2587.0,18,08,49
-74.0427093505859375,4.7161664962768555,2587.0,18,08,51
-74.0430221557617188,4.7161517143249512,2588.0,18,08,55
-74.0432357788085938,4.7161951065063477,2587.0,18,09,01
-74.0433197021484375,4.7162199020385742,2587.0,18,09,08
-74.0433807373046875,4.7162432670593262,2587.0,18,09,10
-74.0434570312500000,4.7162709236145020,2588.0,18,09,14
-74.0435104370117188,4.7162938117980957,2588.0,18,09,16
-74.0435638427734375,4.7163114547729492,2588.0,18,09,18
-74.0435638427734375,4.7163114547729492,2588.0,18,09,20
-74.0435638427734375,4.7163114547729492,2588.0,18,09,22
-74.0435638427734375,4.7163114547729492,2588.0,18,09,24
-74.0435638427734375,4.7163114547729492,2588.0,18,09,26
-74.0435638427734375,4.7163114547729492,2588.0,18,09,28
-74.0435638427734375,4.7163114547729492,2588.0,18,09,30
-74.0435638427734375,4.7163114547729492,2588.0,18,09,32
-74.0435638427734375,4.7163114547729492,2588.0,18,09,34
-74.0435638427734375,4.7163114547729492,2588.0,18,09,36
-74.0435638427734375,4.7163114547729492,2588.0,18,09,38
-74.0435638427734375,4.7163114547729492,2588.0,18,09,40
-74.0438842773437500,4.7164163589477539,2588.0,18,09,44
-74.0440673828125000,4.7164793014526367,2588.0,18,09,46
-74.0441818237304688,4.7165246009826660,2589.0,18,09,48
-74.0441818237304688,4.7165246009826660,2589.0,18,09,50
-74.0441818237304688,4.7165246009826660,2589.0,18,09,52
-74.0441818237304688,4.7165246009826660,2589.0,18,09,54
-74.0441818237304688,4.7165246009826660,2589.0,18,09,56
-74.0441818237304688,4.7165246009826660,2589.0,18,09,58
-74.0443649291992188,4.7165794372558594,2587.0,18,10,09
-74.0444793701171875,4.7166070938110352,2587.0,18,10,11
-74.0445785522460938,4.7166390419006348,2586.0,18,10,13
-74.0446624755859375,4.7166695594787598,2586.0,18,10,15
-74.0447235107421875,4.7167000770568848,2586.0,18,10,17
-74.0448608398437500,4.7167682647705078,2586.0,18,10,21
-74.0449829101562500,4.7168011665344238,2586.0,18,10,27
-74.0449829101562500,4.7168011665344238,2586.0,18,10,29
-74.0449829101562500,4.7168011665344238,2586.0,18,10,31
-74.0451583862304688,4.7168407440185547,2585.0,18,10,35
-74.0452728271484375,4.7168750762939453,2585.0,18,10,39
-74.0453720092773438,4.7168903350830078,2584.0,18,10,43
-74.0454788208007812,4.7169079780578613,2584.0,18,10,47
-74.0455703735351562,4.7169356346130371,2583.0,18,10,51
-74.0455703735351562,4.7169356346130371,2583.0,18,10,53
-74.0455703735351562,4.7169356346130371,2583.0,18,10,55
-74.0455703735351562,4.7169356346130371,2583.0,18,10,57
-74.0455703735351562,4.7169356346130371,2583.0,18,10,59
-74.0455703735351562,4.7169356346130371,2583.0,18,11,01
-74.0455703735351562,4.7169356346130371,2583.0,18,11,03
-74.0455703735351562,4.7169356346130371,2583.0,18,11,05
-74.0455703735351562,4.7169356346130371,2583.0,18,11,11
-74.0455703735351562,4.7169356346130371,2583.0,18,11,13
-74.0455703735351562,4.7169356346130371,2583.0,18,11,15
-74.0455703735351562,4.7169356346130371,2583.0,18,11,17
-74.0455703735351562,4.7169356346130371,2583.0,18,11,19
-74.0455703735351562,4.7169356346130371,2583.0,18,11,21
-74.0455703735351562,4.7169356346130371,2583.0,18,11,23
-74.0455703735351562,4.7169356346130371,2583.0,18,11,26
-74.0455703735351562,4.7169356346130371,2583.0,18,11,28
-74.0455703735351562,4.7169356346130371,2583.0,18,11,30
-74.0459747314453125,4.7171049118041992,2582.0,18,11,36
-74.0461959838867188,4.7171912193298340,2582.0,18,11,38
-74.0463180541992188,4.7172288894653320,2582.0,18,11,40
-74.0463867187500000,4.7172541618347168,2582.0,18,11,42
-74.0463867187500000,4.7172541618347168,2582.0,18,11,44
-74.0463867187500000,4.7172541618347168,2582.0,18,11,46
-74.0463867187500000,4.7172541618347168,2582.0,18,11,48
-74.0464859008789062,4.7172727584838867,2582.0,18,11,54
-74.0465469360351562,4.7172870635986328,2582.0,18,11,58
-74.0465469360351562,4.7172870635986328,2582.0,18,12,00
-74.0465469360351562,4.7172870635986328,2582.0,18,12,02
-74.0466232299804688,4.7173075675964355,2582.0,18,12,04
-74.0466766357421875,4.7173290252685547,2582.0,18,12,08
-74.0466766357421875,4.7173290252685547,2582.0,18,12,10
-74.0467453002929688,4.7173581123352051,2582.0,18,12,12
-74.0467453002929688,4.7173581123352051,2582.0,18,12,14
-74.0468139648437500,4.7173795700073242,2582.0,18,12,16
-74.0468139648437500,4.7173795700073242,2582.0,18,12,18
-74.0468750000000000,4.7173891067504883,2582.0,18,12,20
-74.0468750000000000,4.7173891067504883,2582.0,18,12,22
-74.0469284057617188,4.7173547744750977,2582.0,18,12,28
-74.0469741821289062,4.7172889709472656,2582.0,18,12,31
-74.0470046997070312,4.7172365188598633,2583.0,18,12,33
-74.0470275878906250,4.7171893119812012,2583.0,18,12,35
-74.0470428466796875,4.7171411514282227,2583.0,18,12,37
-74.0470809936523438,4.7170419692993164,2583.0,18,12,39
-74.0471191406250000,4.7167806625366211,2581.0,18,12,47
-74.0471496582031250,4.7166786193847656,2581.0,18,12,51
-74.0471572875976562,4.7165551185607910,2580.0,18,12,57
-74.0471649169921875,4.7163500785827637,2579.0,18,13,04
-74.0471954345703125,4.7162308692932129,2578.0,18,13,10
-74.0472030639648438,4.7160801887512207,2577.0,18,13,16
-74.0472030639648438,4.7160801887512207,2577.0,18,13,18
-74.0472030639648438,4.7160801887512207,2577.0,18,13,20
-74.0472030639648438,4.7160801887512207,2577.0,18,13,22
-74.0471649169921875,4.7158417701721191,2575.0,18,13,26
-74.0471725463867188,4.7157263755798340,2575.0,18,13,32
-74.0471878051757812,4.7156224250793457,2575.0,18,13,36
-74.0471954345703125,4.7155170440673828,2576.0,18,13,40
-74.0471954345703125,4.7155170440673828,2576.0,18,13,42
-74.0471954345703125,4.7155170440673828,2576.0,18,13,44
-74.0472335815429688,4.7153186798095703,2577.0,18,13,48
-74.0472564697265625,4.7152194976806641,2577.0,18,13,52
-74.0472564697265625,4.7152194976806641,2577.0,18,13,54
-74.0472564697265625,4.7152194976806641,2577.0,18,13,56
-74.0472564697265625,4.7152194976806641,2577.0,18,13,58
-74.0472564697265625,4.7152194976806641,2577.0,18,14,00
-74.0472564697265625,4.7152194976806641,2577.0,18,14,02
-74.0472183227539062,4.7150325775146484,2574.0,18,14,12
-74.0472030639648438,4.7149186134338379,2573.0,18,14,14
-74.0471954345703125,4.7148404121398926,2572.0,18,14,16
-74.0472106933593750,4.7147755622863770,2572.0,18,14,18
-74.0472412109375000,4.7147212028503418,2571.0,18,14,20
-74.0473022460937500,4.7146239280700684,2571.0,18,14,22
-74.0473175048828125,4.7145280838012695,2571.0,18,14,26
-74.0473403930664062,4.7144188880920410,2570.0,18,14,30
-74.0473403930664062,4.7143235206604004,2570.0,18,14,32
-74.0473861694335938,4.7142291069030762,2570.0,18,14,37
-74.0474243164062500,4.7141308784484863,2570.0,18,14,41
-74.0474548339843750,4.7140355110168457,2570.0,18,14,45
-74.0474853515625000,4.7139143943786621,2570.0,18,14,49
-74.0475158691406250,4.7138280868530273,2570.0,18,14,53
-74.0475387573242188,4.7137103080749512,2571.0,18,14,59
-74.0475616455078125,4.7135281562805176,2572.0,18,15,05
-74.0475845336914062,4.7134037017822266,2572.0,18,15,09
-74.0475921630859375,4.7132802009582520,2572.0,18,15,13
-74.0475921630859375,4.7132802009582520,2572.0,18,15,15
-74.0475921630859375,4.7132802009582520,2572.0,18,15,17
-74.0475921630859375,4.7132802009582520,2572.0,18,15,19
-74.0475921630859375,4.7132802009582520,2572.0,18,15,21
-74.0475921630859375,4.7132802009582520,2572.0,18,15,23
-74.0475921630859375,4.7132802009582520,2572.0,18,15,25
-74.0475921630859375,4.7132802009582520,2572.0,18,15,27
-74.0475921630859375,4.7132802009582520,2572.0,18,15,29
-74.0474472045898438,4.7129249572753906,2569.0,18,15,35
-74.0473556518554688,4.7128767967224121,2568.0,18,15,39
-74.0473556518554688,4.7128767967224121,2568.0,18,15,43
-74.0473556518554688,4.7128767967224121,2568.0,18,15,45
-74.0473556518554688,4.7128767967224121,2568.0,18,15,47
-74.0472030639648438,4.7128591537475586,2568.0,18,15,53
-74.0472030639648438,4.7128591537475586,2568.0,18,15,57
-74.0472030639648438,4.7128591537475586,2568.0,18,15,59
-74.0472793579101562,4.7127919197082520,2570.0,18,16,12
-74.0473251342773438,4.7127451896667480,2571.0,18,16,14
-74.0473785400390625,4.7127199172973633,2571.0,18,16,16
-74.0474243164062500,4.7127003669738770,2571.0,18,16,18
-74.0474853515625000,4.7126889228820801,2572.0,18,16,22
-74.0475387573242188,4.7126855850219727,2572.0,18,16,24
-74.0475997924804688,4.7126779556274414,2573.0,18,16,28
-74.0475997924804688,4.7126779556274414,2573.0,18,16,30
-74.0475997924804688,4.7126779556274414,2573.0,18,16,32
-74.0475997924804688,4.7126779556274414,2573.0,18,16,34
-74.0475997924804688,4.7126779556274414,2573.0,18,16,36
-74.0475997924804688,4.7126779556274414,2573.0,18,16,38
-74.0475997924804688,4.7126779556274414,2573.0,18,16,40
-74.0475997924804688,4.7126779556274414,2573.0,18,16,42
-74.0475997924804688,4.7126779556274414,2573.0,18,16,44
-74.0475997924804688,4.7126779556274414,2573.0,18,16,46
-74.0476608276367188,4.7123990058898926,2573.0,18,16,52
-74.0476913452148438,4.7122411727905273,2573.0,18,16,54
-74.0476913452148438,4.7122411727905273,2573.0,18,16,56
-74.0476913452148438,4.7122411727905273,2573.0,18,16,58
-74.0477142333984375,4.7120704650878906,2573.0,18,17,04
-74.0477294921875000,4.7119622230529785,2573.0,18,17,06
-74.0477523803710938,4.7118835449218750,2572.0,18,17,08
-74.0477752685546875,4.7118206024169922,2572.0,18,17,10
-74.0477828979492188,4.7117695808410645,2572.0,18,17,12
-74.0477905273437500,4.7116508483886719,2572.0,18,17,14
-74.0478134155273438,4.7115221023559570,2572.0,18,17,20
-74.0478134155273438,4.7115221023559570,2572.0,18,17,22
-74.0478134155273438,4.7115221023559570,2572.0,18,17,25
-74.0478134155273438,4.7115221023559570,2572.0,18,17,27
-74.0478134155273438,4.7115221023559570,2572.0,18,17,29
-74.0478134155273438,4.7115221023559570,2572.0,18,17,31
-74.0478134155273438,4.7115221023559570,2572.0,18,17,33
-74.0478973388671875,4.7112388610839844,2576.0,18,17,39
-74.0479507446289062,4.7110991477966309,2576.0,18,17,45
-74.0479736328125000,4.7109947204589844,2574.0,18,17,51
-74.0479736328125000,4.7109947204589844,2574.0,18,17,53
-74.0479660034179688,4.7108893394470215,2573.0,18,17,55
-74.0479660034179688,4.7108893394470215,2573.0,18,17,57
-74.0479660034179688,4.7108893394470215,2573.0,18,17,59
-74.0479660034179688,4.7108893394470215,2573.0,18,18,01
-74.0479660034179688,4.7108893394470215,2573.0,18,18,03
-74.0479660034179688,4.7108893394470215,2573.0,18,18,05
-74.0479660034179688,4.7108893394470215,2573.0,18,18,07
-74.0479660034179688,4.7108893394470215,2573.0,18,18,09
-74.0479660034179688,4.7108893394470215,2573.0,18,18,11
-74.0479660034179688,4.7108893394470215,2573.0,18,18,13
-74.0479660034179688,4.7108893394470215,2573.0,18,18,15
-74.0480499267578125,4.7104477882385254,2572.0,18,18,21
-74.0480651855468750,4.7103095054626465,2572.0,18,18,25
-74.0480728149414062,4.7102460861206055,2572.0,18,18,31
-74.0480880737304688,4.7101874351501465,2572.0,18,18,33
-74.0480957031250000,4.7101368904113770,2572.0,18,18,35
-74.0481033325195312,4.7100610733032227,2572.0,18,18,39
-74.0481185913085938,4.7099986076354980,2572.0,18,18,41
-74.0481338500976562,4.7099428176879883,2572.0,18,18,43
-74.0481414794921875,4.7098937034606934,2572.0,18,18,45
-74.0481491088867188,4.7098474502563477,2572.0,18,18,47
-74.0481567382812500,4.7097563743591309,2572.0,18,18,49
-74.0481567382812500,4.7097563743591309,2572.0,18,18,51
-74.0481567382812500,4.7097563743591309,2572.0,18,18,53
-74.0481567382812500,4.7097563743591309,2572.0,18,18,55
-74.0481567382812500,4.7097563743591309,2572.0,18,18,57
-74.0481567382812500,4.7097563743591309,2572.0,18,18,59
-74.0481872558593750,4.7094125747680664,2571.0,18,19,03
-74.0482025146484375,4.7093110084533691,2571.0,18,19,07
-74.0482177734375000,4.7092175483703613,2570.0,18,19,11
-74.0482406616210938,4.7090759277343750,2570.0,18,19,17
-74.0482406616210938,4.7090759277343750,2570.0,18,19,19
-74.0482406616210938,4.7090759277343750,2570.0,18,19,21
-74.0482406616210938,4.7090759277343750,2570.0,18,19,23
-74.0482406616210938,4.7090759277343750,2570.0,18,19,25
-74.0482559204101562,4.7088150978088379,2569.0,18,19,27
-74.0482482910156250,4.7087039947509766,2569.0,18,19,31
-74.0482711791992188,4.7086057662963867,2569.0,18,19,35
-74.0482711791992188,4.7086057662963867,2569.0,18,19,37
-74.0482711791992188,4.7086057662963867,2569.0,18,19,39
-74.0482711791992188,4.7086057662963867,2569.0,18,19,41
-74.0482711791992188,4.7086057662963867,2569.0,18,19,43
-74.0483093261718750,4.7082376480102539,2568.0,18,19,49
-74.0483245849609375,4.7081432342529297,2568.0,18,19,53
-74.0483245849609375,4.7081432342529297,2568.0,18,19,55
-74.0483245849609375,4.7081432342529297,2568.0,18,19,57
-74.0483245849609375,4.7081432342529297,2568.0,18,19,59
-74.0483245849609375,4.7081432342529297,2568.0,18,20,01
-74.0483245849609375,4.7081432342529297,2568.0,18,20,03
-74.0483245849609375,4.7081432342529297,2568.0,18,20,05
-74.0483245849609375,4.7081432342529297,2568.0,18,20,07
-74.0483245849609375,4.7081432342529297,2568.0,18,20,09
-74.0483551025390625,4.7078928947448730,2570.0,18,20,15
-74.0483551025390625,4.7078928947448730,2570.0,18,20,17
-74.0483551025390625,4.7078928947448730,2570.0,18,20,19
-74.0483551025390625,4.7078928947448730,2570.0,18,20,21
-74.0483551025390625,4.7078928947448730,2570.0,18,20,23
-74.0483322143554688,4.7076959609985352,2570.0,18,20,29
-74.0483169555664062,4.7075920104980469,2570.0,18,20,31
-74.0482711791992188,4.7075018882751465,2570.0,18,20,34
-74.0482254028320312,4.7074418067932129,2570.0,18,20,36
-74.0481872558593750,4.7073874473571777,2569.0,18,20,38
-74.0481185913085938,4.7073054313659668,2569.0,18,20,40
-74.0480041503906250,4.7072596549987793,2569.0,18,20,46
-74.0478668212890625,4.7072148323059082,2568.0,18,20,52
-74.0477218627929688,4.7071738243103027,2568.0,18,21,00
-74.0475997924804688,4.7071504592895508,2567.0,18,21,06
-74.0475997924804688,4.7071504592895508,2567.0,18,21,08
-74.0475997924804688,4.7071504592895508,2567.0,18,21,10
-74.0475997924804688,4.7071504592895508,2567.0,18,21,12
-74.0475997924804688,4.7071504592895508,2567.0,18,21,14
-74.0475997924804688,4.7071504592895508,2567.0,18,21,16
-74.0472717285156250,4.7070202827453613,2564.0,18,21,22
-74.0472717285156250,4.7070202827453613,2564.0,18,21,24
-74.0472717285156250,4.7070202827453613,2564.0,18,21,26
-74.0472869873046875,4.7068824768066406,2563.0,18,21,34
-74.0473098754882812,4.7067818641662598,2563.0,18,21,38
-74.0473175048828125,4.7066831588745117,2562.0,18,21,42
-74.0472564697265625,4.7065801620483398,2562.0,18,21,46
-74.0471954345703125,4.7064666748046875,2562.0,18,21,50
-74.0471572875976562,4.7063550949096680,2562.0,18,21,54
-74.0471801757812500,4.7062077522277832,2562.0,18,22,00
-74.0471191406250000,4.7061285972595215,2562.0,18,22,04
-74.0470657348632812,4.7061233520507812,2562.0,18,22,08
-74.0470657348632812,4.7061233520507812,2562.0,18,22,10
-74.0469894409179688,4.7061057090759277,2562.0,18,22,12
-74.0469894409179688,4.7061057090759277,2562.0,18,22,14
-74.0468826293945312,4.7060589790344238,2562.0,18,22,18
-74.0468826293945312,4.7060589790344238,2562.0,18,22,20
-74.0468826293945312,4.7060589790344238,2562.0,18,22,22
-74.0468826293945312,4.7060589790344238,2562.0,18,22,24
-74.0468826293945312,4.7060589790344238,2562.0,18,22,26
-74.0468826293945312,4.7060589790344238,2562.0,18,22,28
-74.0467758178710938,4.7059679031372070,2563.0,18,22,41
-74.0466918945312500,4.7059135437011719,2563.0,18,22,43
-74.0466308593750000,4.7058844566345215,2564.0,18,22,45
-74.0465621948242188,4.7058682441711426,2564.0,18,22,49
-74.0465011596679688,4.7058448791503906,2565.0,18,22,51
-74.0464096069335938,4.7058115005493164,2566.0,18,22,55
-74.0463409423828125,4.7057833671569824,2566.0,18,22,57
-74.0462799072265625,4.7057657241821289,2566.0,18,22,59
-74.0462036132812500,4.7057561874389648,2567.0,18,23,01
-74.0461349487304688,4.7057557106018066,2568.0,18,23,04
-74.0461349487304688,4.7057557106018066,2568.0,18,23,08
-74.0461349487304688,4.7057557106018066,2568.0,18,23,10
-74.0461349487304688,4.7057557106018066,2568.0,18,23,12
-74.0458602905273438,4.7057304382324219,2572.0,18,23,14
-74.0457458496093750,4.7056369781494141,2573.0,18,23,20
-74.0457458496093750,4.7056369781494141,2573.0,18,23,23
-74.0457916259765625,4.7053885459899902,2572.0,18,23,26
-74.0457916259765625,4.7053885459899902,2572.0,18,23,32
-74.0457916259765625,4.7053885459899902,2572.0,18,23,34
-74.0457916259765625,4.7053885459899902,2572.0,18,23,36
-74.0457916259765625,4.7053885459899902,2572.0,18,23,38
-74.0457611083984375,4.7051372528076172,2571.0,18,23,44
-74.0457687377929688,4.7050347328186035,2570.0,18,23,50
-74.0457458496093750,4.7049441337585449,2570.0,18,23,54
-74.0457000732421875,4.7048263549804688,2569.0,18,23,58
-74.0457000732421875,4.7048263549804688,2569.0,18,24,03
-74.0457000732421875,4.7048263549804688,2569.0,18,24,05
-74.0457000732421875,4.7048263549804688,2569.0,18,24,17
-74.0457000732421875,4.7048263549804688,2569.0,18,24,19
-74.0457000732421875,4.7048263549804688,2569.0,18,24,21
-74.0457000732421875,4.7048263549804688,2569.0,18,24,23
-74.0454788208007812,4.7047128677368164,2569.0,18,24,26
-74.0453491210937500,4.7046489715576172,2569.0,18,24,28
-74.0452651977539062,4.7046146392822266,2570.0,18,24,30
-74.0452117919921875,4.7045969963073730,2570.0,18,24,32
-74.0451583862304688,4.7045931816101074,2570.0,18,24,34
-74.0450210571289062,4.7045741081237793,2571.0,18,24,40
-74.0449066162109375,4.7045812606811523,2571.0,18,24,43
-74.0447769165039062,4.7045745849609375,2572.0,18,24,49
-74.0446777343750000,4.7045550346374512,2572.0,18,24,53
-74.0445556640625000,4.7044939994812012,2572.0,18,24,59
-74.0443954467773438,4.7044801712036133,2572.0,18,25,07
-74.0443954467773438,4.7044801712036133,2572.0,18,25,09
-74.0443954467773438,4.7044801712036133,2572.0,18,25,11
-74.0443954467773438,4.7044801712036133,2572.0,18,25,13
-74.0443954467773438,4.7044801712036133,2572.0,18,25,15
-74.0443954467773438,4.7044801712036133,2572.0,18,25,17
-74.0443954467773438,4.7044801712036133,2572.0,18,25,19
-74.0443954467773438,4.7044801712036133,2572.0,18,25,21
-74.0443954467773438,4.7044801712036133,2572.0,18,25,23
-74.0439910888671875,4.7044305801391602,2572.0,18,25,27
-74.0438766479492188,4.7044248580932617,2572.0,18,25,31
-74.0438766479492188,4.7044248580932617,2572.0,18,25,33
-74.0438766479492188,4.7044248580932617,2572.0,18,25,35
-74.0438766479492188,4.7044248580932617,2572.0,18,25,37
-74.0438766479492188,4.7044248580932617,2572.0,18,25,39
-74.0436325073242188,4.7043781280517578,2572.0,18,25,43
-74.0435028076171875,4.7043728828430176,2572.0,18,25,49
-74.0434188842773438,4.7043905258178711,2572.0,18,25,53
-74.0434188842773438,4.7043905258178711,2572.0,18,25,55
-74.0434188842773438,4.7043905258178711,2572.0,18,25,57
-74.0434188842773438,4.7043905258178711,2572.0,18,25,59
-74.0434188842773438,4.7043905258178711,2572.0,18,26,01
-74.0434188842773438,4.7043905258178711,2572.0,18,26,03
-74.0432510375976562,4.7043771743774414,2571.0,18,26,07
-74.0431442260742188,4.7043766975402832,2571.0,18,26,09
-74.0430603027343750,4.7043719291687012,2570.0,18,26,11
-74.0429916381835938,4.7043590545654297,2570.0,18,26,13
-74.0429916381835938,4.7043590545654297,2570.0,18,26,15
-74.0429916381835938,4.7043590545654297,2570.0,18,26,17
-74.0429916381835938,4.7043590545654297,2570.0,18,26,19
-74.0429916381835938,4.7043590545654297,2570.0,18,26,21
-74.0429916381835938,4.7043590545654297,2570.0,18,26,23
-74.0429916381835938,4.7043590545654297,2570.0,18,26,29
-74.0428619384765625,4.7043352127075195,2570.0,18,26,54
-74.0427856445312500,4.7043266296386719,2570.0,18,26,56
-74.0427398681640625,4.7043223381042480,2570.0,18,26,58
-74.0427398681640625,4.7043223381042480,2570.0,18,27,00
-74.0427398681640625,4.7043223381042480,2570.0,18,27,02
-74.0427398681640625,4.7043223381042480,2570.0,18,27,04
-74.0426330566406250,4.7043004035949707,2570.0,18,27,16
-74.0425567626953125,4.7042880058288574,2570.0,18,27,18
-74.0424728393554688,4.7042775154113770,2570.0,18,27,20
-74.0424041748046875,4.7042727470397949,2571.0,18,27,22
-74.0423507690429688,4.7042675018310547,2571.0,18,27,24
-74.0422439575195312,4.7042560577392578,2571.0,18,27,26
-74.0421066284179688,4.7042431831359863,2572.0,18,27,32
-74.0421066284179688,4.7042431831359863,2572.0,18,27,34
-74.0421066284179688,4.7042431831359863,2572.0,18,27,36
-74.0421066284179688,4.7042431831359863,2572.0,18,27,38
-74.0421066284179688,4.7042431831359863,2572.0,18,27,40
-74.0421066284179688,4.7042431831359863,2572.0,18,27,42
-74.0421066284179688,4.7042431831359863,2572.0,18,27,44
-74.0416641235351562,4.7042088508605957,2573.0,18,27,54
-74.0415649414062500,4.7041702270507812,2573.0,18,27,58
-74.0414352416992188,4.7041831016540527,2572.0,18,28,04
-74.0413360595703125,4.7041754722595215,2572.0,18,28,08
-74.0412445068359375,4.7041835784912109,2573.0,18,28,12
-74.0411453247070312,4.7041683197021484,2572.0,18,28,16
-74.0410156250000000,4.7041721343994141,2572.0,18,28,22
-74.0410156250000000,4.7041721343994141,2572.0,18,28,24
-74.0410156250000000,4.7041721343994141,2572.0,18,28,27
-74.0410156250000000,4.7041721343994141,2572.0,18,28,29
-74.0410156250000000,4.7041721343994141,2572.0,18,28,31
-74.0410156250000000,4.7041721343994141,2572.0,18,28,33
-74.0410156250000000,4.7041721343994141,2572.0,18,28,35
-74.0410156250000000,4.7041721343994141,2572.0,18,28,37
-74.0410156250000000,4.7041721343994141,2572.0,18,28,39
-74.0410156250000000,4.7041721343994141,2572.0,18,28,41
-74.0409469604492188,4.7040834426879883,2570.0,18,28,53
-74.0409164428710938,4.7040128707885742,2570.0,18,28,55
-74.0408859252929688,4.7039475440979004,2571.0,18,28,57
-74.0408554077148438,4.7038969993591309,2571.0,18,28,59
-74.0408248901367188,4.7038512229919434,2571.0,18,29,01
-74.0408248901367188,4.7038512229919434,2571.0,18,29,03
-74.0408248901367188,4.7038512229919434,2571.0,18,29,05
-74.0408248901367188,4.7038512229919434,2571.0,18,29,07
-74.0408096313476562,4.7037439346313477,2573.0,18,29,22
-74.0404129028320312,4.7037215232849121,2572.0,18,29,38
-74.0402526855468750,4.7037630081176758,2572.0,18,29,43
-74.0401153564453125,4.7037792205810547,2573.0,18,29,49
-74.0399703979492188,4.7037787437438965,2574.0,18,29,53
-74.0398559570312500,4.7037563323974609,2574.0,18,29,57
-74.0398559570312500,4.7037563323974609,2574.0,18,29,59
-74.0398559570312500,4.7037563323974609,2574.0,18,30,01
-74.0398559570312500,4.7037563323974609,2574.0,18,30,03
-74.0398559570312500,4.7037563323974609,2574.0,18,30,05
-74.0398559570312500,4.7037563323974609,2574.0,18,30,07
-74.0396957397460938,4.7034807205200195,2573.0,18,30,13
-74.0396728515625000,4.7033863067626953,2573.0,18,30,17
-74.0396347045898438,4.7032995223999023,2573.0,18,30,21
-74.0395889282226562,4.7032117843627930,2573.0,18,30,25
-74.0395355224609375,4.7030949592590332,2574.0,18,30,29
-74.0395355224609375,4.7030949592590332,2574.0,18,30,31
-74.0395355224609375,4.7030949592590332,2574.0,18,30,33
-74.0395278930664062,4.7030196189880371,2575.0,18,30,41
-74.0395431518554688,4.7029247283935547,2576.0,18,30,45
-74.0395507812500000,4.7028627395629883,2576.0,18,30,47
-74.0395507812500000,4.7028627395629883,2576.0,18,30,53
-74.0395507812500000,4.7028627395629883,2576.0,18,30,55
-74.0395507812500000,4.7028627395629883,2576.0,18,30,57
-74.0395431518554688,4.7027969360351562,2575.0,18,30,59
-74.0395355224609375,4.7027435302734375,2575.0,18,31,01
-74.0395050048828125,4.7026929855346680,2575.0,18,31,03
-74.0394821166992188,4.7026486396789551,2575.0,18,31,05
-74.0394592285156250,4.7026004791259766,2574.0,18,31,07
-74.0394287109375000,4.7024717330932617,2574.0,18,31,11
-74.0394210815429688,4.7023682594299316,2573.0,18,31,15
-74.0394134521484375,4.7022619247436523,2573.0,18,31,19
-74.0394134521484375,4.7022619247436523,2573.0,18,31,21
-74.0394134521484375,4.7022619247436523,2573.0,18,31,23
-74.0394134521484375,4.7022619247436523,2573.0,18,31,25
-74.0394134521484375,4.7022619247436523,2573.0,18,31,27
-74.0390243530273438,4.7021999359130859,2572.0,18,31,31
-74.0389099121093750,4.7022757530212402,2573.0,18,31,35
-74.0389099121093750,4.7022757530212402,2573.0,18,31,41
-74.0389099121093750,4.7022757530212402,2573.0,18,31,43
-74.0389099121093750,4.7022757530212402,2573.0,18,31,45
-74.0389099121093750,4.7022757530212402,2573.0,18,31,47
-74.0389099121093750,4.7022757530212402,2573.0,18,31,49
-74.0389099121093750,4.7022757530212402,2573.0,18,31,51
-74.0389099121093750,4.7022757530212402,2573.0,18,31,53
-74.0389099121093750,4.7022757530212402,2573.0,18,31,55
-74.0389099121093750,4.7022757530212402,2573.0,18,31,57
-74.0384292602539062,4.7022480964660645,2575.0,18,32,01
-74.0383300781250000,4.7022404670715332,2574.0,18,32,05
-74.0381546020507812,4.7022528648376465,2574.0,18,32,11
-74.0379943847656250,4.7022223472595215,2574.0,18,32,17
-74.0378265380859375,4.7022352218627930,2574.0,18,32,23
-74.0376892089843750,4.7022242546081543,2574.0,18,32,27
-74.0376892089843750,4.7022242546081543,2574.0,18,32,29
-74.0376205444335938,4.7022151947021484,2575.0,18,32,35
-74.0375595092773438,4.7022161483764648,2575.0,18,32,39
-74.0375595092773438,4.7022161483764648,2575.0,18,32,41
-74.0375595092773438,4.7022161483764648,2575.0,18,32,43
-74.0375595092773438,4.7022161483764648,2575.0,18,32,45
-74.0373840332031250,4.7022113800048828,2575.0,18,32,50
-74.0372467041015625,4.7021832466125488,2574.0,18,32,53
-74.0371551513671875,4.7021527290344238,2574.0,18,32,55
-74.0371017456054688,4.7021040916442871,2574.0,18,32,57
-74.0370635986328125,4.7020497322082520,2574.0,18,32,59
-74.0370635986328125,4.7020497322082520,2574.0,18,33,01
-74.0370635986328125,4.7020497322082520,2574.0,18,33,03
-74.0369796752929688,4.7018475532531738,2573.0,18,33,11
-74.0369796752929688,4.7018475532531738,2573.0,18,33,18
-74.0367126464843750,4.7017831802368164,2572.0,18,33,20
-74.0365829467773438,4.7017712593078613,2572.0,18,33,25
-74.0365829467773438,4.7017712593078613,2572.0,18,33,31
-74.0365829467773438,4.7017712593078613,2572.0,18,33,33
-74.0365829467773438,4.7017712593078613,2572.0,18,33,35
-74.0365829467773438,4.7017712593078613,2572.0,18,33,37
-74.0365829467773438,4.7017712593078613,2572.0,18,33,39
-74.0365829467773438,4.7017712593078613,2572.0,18,33,41
-74.0365829467773438,4.7017712593078613,2572.0,18,33,43
-74.0365829467773438,4.7017712593078613,2572.0,18,33,45
-74.0365829467773438,4.7017712593078613,2572.0,18,33,47
-74.0365829467773438,4.7017712593078613,2572.0,18,33,49
-74.0365829467773438,4.7017712593078613,2572.0,18,33,51
-74.0361251831054688,4.7016720771789551,2576.0,18,33,59
-74.0360031127929688,4.7016377449035645,2576.0,18,34,03
-74.0357742309570312,4.7015576362609863,2576.0,18,34,09
-74.0356140136718750,4.7014904022216797,2577.0,18,34,13
-74.0355453491210938,4.7014279365539551,2577.0,18,34,19
-74.0355148315429688,4.7013592720031738,2577.0,18,34,21
-74.0355148315429688,4.7013592720031738,2577.0,18,34,24
-74.0355148315429688,4.7013592720031738,2577.0,18,34,32
-74.0355224609375000,4.7012696266174316,2578.0,18,34,36
-74.0355377197265625,4.7011518478393555,2578.0,18,34,39
-74.0355529785156250,4.7010679244995117,2577.0,18,34,42
-74.0355606079101562,4.7010006904602051,2577.0,18,34,44
-74.0355377197265625,4.7009558677673340,2577.0,18,34,46
-74.0354003906250000,4.7008700370788574,2577.0,18,34,50
-74.0352554321289062,4.7008118629455566,2576.0,18,34,58
-74.0352554321289062,4.7008118629455566,2576.0,18,35,00
-74.0351104736328125,4.7007274627685547,2575.0,18,35,04
-74.0350036621093750,4.7007126808166504,2575.0,18,35,08
-74.0350036621093750,4.7007126808166504,2575.0,18,35,10
-74.0350036621093750,4.7007126808166504,2575.0,18,35,12
-74.0348815917968750,4.7006039619445801,2575.0,18,35,20
-74.0347976684570312,4.7004985809326172,2576.0,18,35,26
-74.0346984863281250,4.7004227638244629,2576.0,18,35,30
-74.0346984863281250,4.7004227638244629,2576.0,18,35,36
-74.0346984863281250,4.7004227638244629,2576.0,18,35,38
-74.0346984863281250,4.7004227638244629,2576.0,18,35,40
-74.0346984863281250,4.7004227638244629,2576.0,18,35,42
-74.0346984863281250,4.7004227638244629,2576.0,18,35,44
-74.0344314575195312,4.7002291679382324,2574.0,18,35,48
-74.0343551635742188,4.7001504898071289,2574.0,18,35,52
-74.0342407226562500,4.7001147270202637,2573.0,18,36,02
-74.0342407226562500,4.7001147270202637,2573.0,18,36,04
-74.0342407226562500,4.7001147270202637,2573.0,18,36,06
-74.0341796875000000,4.7000770568847656,2572.0,18,36,10
-74.0341262817382812,4.7000517845153809,2571.0,18,36,12
-74.0340499877929688,4.7000136375427246,2571.0,18,36,16
-74.0339889526367188,4.6999835968017578,2570.0,18,36,18
-74.0339355468750000,4.6999549865722656,2570.0,18,36,20
-74.0338745117187500,4.6999311447143555,2570.0,18,36,22
-74.0338211059570312,4.6999077796936035,2569.0,18,36,24
-74.0338211059570312,4.6999077796936035,2569.0,18,36,28
-74.0338211059570312,4.6999077796936035,2569.0,18,36,30
-74.0338211059570312,4.6999077796936035,2569.0,18,36,32
-74.0335083007812500,4.6997289657592773,2568.0,18,36,38
-74.0335311889648438,4.6996049880981445,2568.0,18,36,44
-74.0335540771484375,4.6994724273681641,2568.0,18,36,48
-74.0336074829101562,4.6993603706359863,2568.0,18,36,52
-74.0336303710937500,4.6992220878601074,2569.0,18,36,58
-74.0336685180664062,4.6991233825683594,2569.0,18,37,02
-74.0336685180664062,4.6991233825683594,2569.0,18,37,04
-74.0336685180664062,4.6991233825683594,2569.0,18,37,06
-74.0336685180664062,4.6991233825683594,2569.0,18,37,08
-74.0338134765625000,4.6989092826843262,2572.0,18,37,12
-74.0339050292968750,4.6988310813903809,2573.0,18,37,16
-74.0339050292968750,4.6988310813903809,2573.0,18,37,20
-74.0339050292968750,4.6988310813903809,2573.0,18,37,22
-74.0339050292968750,4.6988310813903809,2573.0,18,37,24
-74.0339050292968750,4.6988310813903809,2573.0,18,37,26
-74.0340118408203125,4.6985363960266113,2573.0,18,37,30
-74.0340881347656250,4.6984119415283203,2573.0,18,37,36
-74.0340881347656250,4.6984119415283203,2573.0,18,37,38
-74.0340881347656250,4.6984119415283203,2573.0,18,37,40
-74.0340881347656250,4.6984119415283203,2573.0,18,37,42
-74.0340881347656250,4.6984119415283203,2573.0,18,37,44
-74.0340881347656250,4.6984119415283203,2573.0,18,37,46
-74.0341567993164062,4.6982622146606445,2571.0,18,37,50
-74.0342102050781250,4.6981725692749023,2571.0,18,37,52
-74.0342102050781250,4.6981725692749023,2571.0,18,37,54
-74.0342102050781250,4.6981725692749023,2571.0,18,37,56
-74.0342102050781250,4.6981725692749023,2571.0,18,38,03
-74.0342102050781250,4.6981725692749023,2571.0,18,38,05
-74.0342102050781250,4.6981725692749023,2571.0,18,38,10